{
    "e5076219": {
        "id": "2778511",
        "canonical_url": "https://www.documentcloud.org/documents/2778511-Trump-certification-A-06157-24604/",
        "pdf_url": "https://s3.documentcloud.org/documents/2778511/Trump-certification-A-06157-24604.pdf",
        "pages": null
    },
    "918b4710": {
        "id": "2778509",
        "canonical_url": "https://www.documentcloud.org/documents/2778509-Trump-certification-A-06170-29726/",
        "pdf_url": "https://s3.documentcloud.org/documents/2778509/Trump-certification-A-06170-29726.pdf",
        "pages": null
    },
    "1be7b805": {
        "id": "2778512",
        "canonical_url": "https://www.documentcloud.org/documents/2778512-Trump-Chicago-A-09075-33954/",
        "pdf_url": "https://s3.documentcloud.org/documents/2778512/Trump-Chicago-A-09075-33954.pdf",
        "pages": null
    },
    "6fdd3773": {
        "id": "2778513",
        "canonical_url": "https://www.documentcloud.org/documents/2778513-Trump-NY-A-09131-44349/",
        "pdf_url": "https://s3.documentcloud.org/documents/2778513/Trump-NY-A-09131-44349.pdf",
        "pages": null
    },
    "c503301d": {
        "id": "2778502",
        "canonical_url": "https://www.documentcloud.org/documents/2778502-Trump-Sonesta-A-06353-92628/",
        "pdf_url": "https://s3.documentcloud.org/documents/2778502/Trump-Sonesta-A-06353-92628.pdf",
        "pages": null
    },
    "b2720c28": {
        "id": "24176248",
        "canonical_url": "https://www.documentcloud.org/documents/24176248-alf-form-1023/",
        "pdf_url": "https://s3.documentcloud.org/documents/24176248/alf-form-1023.pdf",
        "pages": null
    },
    "550fbeea": {
        "id": "5205068",
        "canonical_url": "https://www.documentcloud.org/documents/5205068-Form-1023-003/",
        "pdf_url": "https://s3.documentcloud.org/documents/5205068/Form-1023-003.pdf",
        "pages": null
    },
    "45b4abd8": {
        "id": "23061555",
        "canonical_url": "https://www.documentcloud.org/documents/23061555-evaluation-form/",
        "pdf_url": "https://s3.documentcloud.org/documents/23061555/evaluation-form.pdf",
        "pages": null
    },
    "9d48f7c6": {
        "id": "23061558",
        "canonical_url": "https://www.documentcloud.org/documents/23061558-evaluation-form/",
        "pdf_url": "https://s3.documentcloud.org/documents/23061558/evaluation-form.pdf",
        "pages": null
    },
    "b4f563d0": {
        "id": "23061568",
        "canonical_url": "https://www.documentcloud.org/documents/23061568-evaluation-form-dc-17/",
        "pdf_url": "https://s3.documentcloud.org/documents/23061568/evaluation-form-dc-17.pdf",
        "pages": null
    },
    "aeff1413": {
        "id": "23061551",
        "canonical_url": "https://www.documentcloud.org/documents/23061551-evaluation-form/",
        "pdf_url": "https://s3.documentcloud.org/documents/23061551/evaluation-form.pdf",
        "pages": null
    },
    "4adf38e7": {
        "id": "24646163",
        "canonical_url": "https://www.documentcloud.org/documents/24646163-500020996/",
        "pdf_url": "https://s3.documentcloud.org/documents/24646163/500020996.pdf",
        "pages": null
    },
    "ab39cf64": {
        "id": "24683326",
        "canonical_url": "https://www.documentcloud.org/documents/24683326-500022734/",
        "pdf_url": "https://s3.documentcloud.org/documents/24683326/500022734.pdf",
        "pages": null
    },
    "f5355c81": {
        "id": "24685295",
        "canonical_url": "https://www.documentcloud.org/documents/24685295-500024697/",
        "pdf_url": "https://s3.documentcloud.org/documents/24685295/500024697.pdf",
        "pages": null
    },
    "89237501": {
        "id": "23778359",
        "canonical_url": "https://www.documentcloud.org/documents/23778359-bentoncountydetentioncenterbentonvillearfeb282006/",
        "pdf_url": "https://s3.documentcloud.org/documents/23778359/bentoncountydetentioncenterbentonvillearfeb282006.pdf",
        "pages": null
    },
    "f6828f5a": {
        "id": "23778371",
        "canonical_url": "https://www.documentcloud.org/documents/23778371-orleansparishprisonneworleansla1452006/",
        "pdf_url": "https://s3.documentcloud.org/documents/23778371/orleansparishprisonneworleansla1452006.pdf",
        "pages": null
    },
    "55871f40": {
        "id": "23778378",
        "canonical_url": "https://www.documentcloud.org/documents/23778378-sebastiancountydetentioncenterfortsmithar062706/",
        "pdf_url": "https://s3.documentcloud.org/documents/23778378/sebastiancountydetentioncenterfortsmithar062706.pdf",
        "pages": null
    },
    "70de22c8": {
        "id": "23778382",
        "canonical_url": "https://www.documentcloud.org/documents/23778382-washingtoncountyjailfayettevillear080906/",
        "pdf_url": "https://s3.documentcloud.org/documents/23778382/washingtoncountyjailfayettevillear080906.pdf",
        "pages": null
    },
    "e1fa95f2": {
        "id": "23778384",
        "canonical_url": "https://www.documentcloud.org/documents/23778384-westbatonrougeparishdetentioncenterportallenla06293006/",
        "pdf_url": "https://s3.documentcloud.org/documents/23778384/westbatonrougeparishdetentioncenterportallenla06293006.pdf",
        "pages": null
    },
    "016f73a5": {
        "id": "24627807",
        "canonical_url": "https://www.documentcloud.org/documents/24627807-500011866/",
        "pdf_url": "https://s3.documentcloud.org/documents/24627807/500011866.pdf",
        "pages": null
    },
    "25768163": {
        "id": "24631854",
        "canonical_url": "https://www.documentcloud.org/documents/24631854-500012471/",
        "pdf_url": "https://s3.documentcloud.org/documents/24631854/500012471.pdf",
        "pages": null
    },
    "59730002": {
        "id": "24643786",
        "canonical_url": "https://www.documentcloud.org/documents/24643786-500018532/",
        "pdf_url": "https://s3.documentcloud.org/documents/24643786/500018532.pdf",
        "pages": null
    },
    "4217a5e3": {
        "id": "2090941",
        "canonical_url": "https://www.documentcloud.org/documents/2090941-brown-2-1-2011/",
        "pdf_url": "https://s3.documentcloud.org/documents/2090941/brown-2-1-2011.pdf",
        "pages": null
    },
    "f1c966d4": {
        "id": "2090942",
        "canonical_url": "https://www.documentcloud.org/documents/2090942-corona-9-30-2012/",
        "pdf_url": "https://s3.documentcloud.org/documents/2090942/corona-9-30-2012.pdf",
        "pages": null
    },
    "a8c4f64f": {
        "id": "2090944",
        "canonical_url": "https://www.documentcloud.org/documents/2090944-lopez-3-9-2011/",
        "pdf_url": "https://s3.documentcloud.org/documents/2090944/lopez-3-9-2011.pdf",
        "pages": null
    },
    "c3197d23": {
        "id": "2090945",
        "canonical_url": "https://www.documentcloud.org/documents/2090945-popper-4-1-2013/",
        "pdf_url": "https://s3.documentcloud.org/documents/2090945/popper-4-1-2013.pdf",
        "pages": null
    },
    "bf5252a1": {
        "id": "2090946",
        "canonical_url": "https://www.documentcloud.org/documents/2090946-turner-6-8-2014/",
        "pdf_url": "https://s3.documentcloud.org/documents/2090946/turner-6-8-2014.pdf",
        "pages": null
    },
    "7c8ab570": {
        "id": "3326495",
        "canonical_url": "https://www.documentcloud.org/documents/3326495-2911-Supplemental-Statement-20010508-GOLN7E04/",
        "pdf_url": "https://s3.documentcloud.org/documents/3326495/2911-Supplemental-Statement-20010508-GOLN7E04.pdf",
        "pages": null
    },
    "bc727d48": {
        "id": "6176509",
        "canonical_url": "https://www.documentcloud.org/documents/6176509-7947-0-Opt-Out-Plaintiff-Short-Form-Complaint/",
        "pdf_url": "https://s3.documentcloud.org/documents/6176509/7947-0-Opt-Out-Plaintiff-Short-Form-Complaint.pdf",
        "pages": null
    },
    "124550f5": {
        "id": "4901015",
        "canonical_url": "https://www.documentcloud.org/documents/4901015-CR201800275/",
        "pdf_url": "https://s3.documentcloud.org/documents/4901015/CR201800275.pdf",
        "pages": null
    },
    "a992eeb7": {
        "id": "24059638",
        "canonical_url": "https://www.documentcloud.org/documents/24059638-foia_request_number_epa-r5-2023-002829_353961/",
        "pdf_url": "https://s3.documentcloud.org/documents/24059638/foia_request_number_epa-r5-2023-002829_353961.pdf",
        "pages": null
    },
    "7104aafa": {
        "id": "24061870",
        "canonical_url": "https://www.documentcloud.org/documents/24061870-foia_request_number_epa-r8-2023-003363_819990/",
        "pdf_url": "https://s3.documentcloud.org/documents/24061870/foia_request_number_epa-r8-2023-003363_819990.pdf",
        "pages": null
    },
    "761e8e91": {
        "id": "24121950",
        "canonical_url": "https://www.documentcloud.org/documents/24121950-jenkins-prea-audit-report/",
        "pdf_url": "https://s3.documentcloud.org/documents/24121950/jenkins-prea-audit-report.pdf",
        "pages": null
    },
    "b275b209": {
        "id": "3520753",
        "canonical_url": "https://www.documentcloud.org/documents/3520753-NJDOE-Project-4550-050-17-1200-Mod-PSD-Classrooms/",
        "pdf_url": "https://s3.documentcloud.org/documents/3520753/NJDOE-Project-4550-050-17-1200-Mod-PSD-Classrooms.pdf",
        "pages": null
    },
    "0ad24b57": {
        "id": "23780201",
        "canonical_url": "https://www.documentcloud.org/documents/23780201-2011joecorleydetentionfacilityg324a/",
        "pdf_url": "https://s3.documentcloud.org/documents/23780201/2011joecorleydetentionfacilityg324a.pdf",
        "pages": null
    },
    "a7402634": {
        "id": "23780202",
        "canonical_url": "https://www.documentcloud.org/documents/23780202-2011karnescountycorrectionalcenterg324a/",
        "pdf_url": "https://s3.documentcloud.org/documents/23780202/2011karnescountycorrectionalcenterg324a.pdf",
        "pages": null
    },
    "bb20d57b": {
        "id": "23779373",
        "canonical_url": "https://www.documentcloud.org/documents/23779373-etowahcountyjailgadsdenalseptember352008/",
        "pdf_url": "https://s3.documentcloud.org/documents/23779373/etowahcountyjailgadsdenalseptember352008.pdf",
        "pages": null
    },
    "f8fc5e2a": {
        "id": "1996129",
        "canonical_url": "https://www.documentcloud.org/documents/1996129-kenosha-county-wi-2011-ero-inspection/",
        "pdf_url": "https://s3.documentcloud.org/documents/1996129/kenosha-county-wi-2011-ero-inspection.pdf",
        "pages": null
    },
    "c9217b78": {
        "id": "2048768",
        "canonical_url": "https://www.documentcloud.org/documents/2048768-morgan-county-mo-2011-ero-inspection/",
        "pdf_url": "https://s3.documentcloud.org/documents/2048768/morgan-county-mo-2011-ero-inspection.pdf",
        "pages": null
    },
    "6f1130d5": {
        "id": "2067761",
        "canonical_url": "https://www.documentcloud.org/documents/2067761-worchester-county-md-2009-ero-inspection/",
        "pdf_url": "https://s3.documentcloud.org/documents/2067761/worchester-county-md-2009-ero-inspection.pdf",
        "pages": null
    },
    "296879eb": {
        "id": "24451591",
        "canonical_url": "https://www.documentcloud.org/documents/24451591-arb_era-wsp1_ovs_v1-3_071317/",
        "pdf_url": "https://s3.documentcloud.org/documents/24451591/arb_era-wsp1_ovs_v1-3_071317.pdf",
        "pages": null
    },
    "cb781ae3": {
        "id": "24451586",
        "canonical_url": "https://www.documentcloud.org/documents/24451586-cafr5214-rp2_ovs_v3-20191010/",
        "pdf_url": "https://s3.documentcloud.org/documents/24451586/cafr5214-rp2_ovs_v3-20191010.pdf",
        "pages": null
    },
    "4c1ecc0d": {
        "id": "25178763",
        "canonical_url": "https://www.documentcloud.org/documents/25178763-2022-form-990-pchc/",
        "pdf_url": "https://s3.documentcloud.org/documents/25178763/2022-form-990-pchc.pdf",
        "pages": null
    },
    "1d0939a3": {
        "id": "441106",
        "canonical_url": "https://www.documentcloud.org/documents/441106-form-990-2009-public-advocate-of-the-united-states/",
        "pdf_url": "https://s3.documentcloud.org/documents/441106/form-990-2009-public-advocate-of-the-united-states.pdf",
        "pages": null
    },
    "8d3c7597": {
        "id": "441107",
        "canonical_url": "https://www.documentcloud.org/documents/441107-form-990-2010-public-advocate-of-the-united-states/",
        "pdf_url": "https://s3.documentcloud.org/documents/441107/form-990-2010-public-advocate-of-the-united-states.pdf",
        "pages": null
    },
    "0ad9bbf4": {
        "id": "2082110",
        "canonical_url": "https://www.documentcloud.org/documents/2082110-form-990/",
        "pdf_url": "https://s3.documentcloud.org/documents/2082110/form-990.pdf",
        "pages": null
    },
    "cbe4fd52": {
        "id": "6423668",
        "canonical_url": "https://www.documentcloud.org/documents/6423668-New-Models-2010-990-W-Sched-B/",
        "pdf_url": "https://s3.documentcloud.org/documents/6423668/New-Models-2010-990-W-Sched-B.pdf",
        "pages": null
    },
    "b9b7b7bc": {
        "id": "3237318",
        "canonical_url": "https://www.documentcloud.org/documents/3237318-Ohio-Consumer-Lenders-Association-2015-IRS-Form/",
        "pdf_url": "https://s3.documentcloud.org/documents/3237318/Ohio-Consumer-Lenders-Association-2015-IRS-Form.pdf",
        "pages": null
    },
    "119b2089": {
        "id": "21698068",
        "canonical_url": "https://www.documentcloud.org/documents/21698068-protecting-ohio-inc-2020-990/",
        "pdf_url": "https://s3.documentcloud.org/documents/21698068/protecting-ohio-inc-2020-990.pdf",
        "pages": null
    },
    "305950c0": {
        "id": "369031",
        "canonical_url": "https://www.documentcloud.org/documents/369031-scarsdale-golf-club-990-form/",
        "pdf_url": "https://s3.documentcloud.org/documents/369031/scarsdale-golf-club-990-form.pdf",
        "pages": null
    },
    "987734d3": {
        "id": "21564196",
        "canonical_url": "https://www.documentcloud.org/documents/21564196-ud-application-adu20-014/",
        "pdf_url": "https://s3.documentcloud.org/documents/21564196/ud-application-adu20-014.pdf",
        "pages": null
    },
    "d937c78a": {
        "id": "21564197",
        "canonical_url": "https://www.documentcloud.org/documents/21564197-ud-application-adu21-011/",
        "pdf_url": "https://s3.documentcloud.org/documents/21564197/ud-application-adu21-011.pdf",
        "pages": null
    },
    "4e9f500b": {
        "id": "21564198",
        "canonical_url": "https://www.documentcloud.org/documents/21564198-ud-application-adu21-012/",
        "pdf_url": "https://s3.documentcloud.org/documents/21564198/ud-application-adu21-012.pdf",
        "pages": null
    },
    "5bc58898": {
        "id": "21564199",
        "canonical_url": "https://www.documentcloud.org/documents/21564199-ud-application-adu21-019/",
        "pdf_url": "https://s3.documentcloud.org/documents/21564199/ud-application-adu21-019.pdf",
        "pages": null
    },
    "fc980865": {
        "id": "21564200",
        "canonical_url": "https://www.documentcloud.org/documents/21564200-ud-application-adu21-023/",
        "pdf_url": "https://s3.documentcloud.org/documents/21564200/ud-application-adu21-023.pdf",
        "pages": null
    },
    "bb3cb1b6": {
        "id": "21564201",
        "canonical_url": "https://www.documentcloud.org/documents/21564201-ud-application-floor-plans/",
        "pdf_url": "https://s3.documentcloud.org/documents/21564201/ud-application-floor-plans.pdf",
        "pages": null
    },
    "aeb0ede7": {
        "id": "21594256",
        "canonical_url": "https://www.documentcloud.org/documents/21594256-434-8th-st/",
        "pdf_url": "https://s3.documentcloud.org/documents/21594256/434-8th-st.pdf",
        "pages": null
    },
    "fd52fe32": {
        "id": "22139718",
        "canonical_url": "https://www.documentcloud.org/documents/22139718-20211203163647895_redacted/",
        "pdf_url": "https://s3.documentcloud.org/documents/22139718/20211203163647895_redacted.pdf",
        "pages": null
    },
    "b3f0ad46": {
        "id": "786038",
        "canonical_url": "https://www.documentcloud.org/documents/786038-appellate-docket-44-motion-to-expedite-appeal-on/",
        "pdf_url": "https://s3.documentcloud.org/documents/786038/appellate-docket-44-motion-to-expedite-appeal-on.pdf",
        "pages": null
    },
    "2c5bfa6b": {
        "id": "3237808",
        "canonical_url": "https://www.documentcloud.org/documents/3237808-Application-for-a-Handgun/",
        "pdf_url": "https://s3.documentcloud.org/documents/3237808/Application-for-a-Handgun.pdf",
        "pages": null
    },
    "63ac1a34": {
        "id": "5985871",
        "canonical_url": "https://www.documentcloud.org/documents/5985871-Banyan-Foundation-Form-990-2017/",
        "pdf_url": "https://s3.documentcloud.org/documents/5985871/Banyan-Foundation-Form-990-2017.pdf",
        "pages": null
    },
    "6a136558": {
        "id": "693492",
        "canonical_url": "https://www.documentcloud.org/documents/693492-farmers-example-claim/",
        "pdf_url": "https://s3.documentcloud.org/documents/693492/farmers-example-claim.pdf",
        "pages": null
    },
    "9b3a0cbb": {
        "id": "24068687",
        "canonical_url": "https://www.documentcloud.org/documents/24068687-foia_request_number_epa-r6-2023-003627_r06-90056148/",
        "pdf_url": "https://s3.documentcloud.org/documents/24068687/foia_request_number_epa-r6-2023-003627_r06-90056148.pdf",
        "pages": null
    },
    "2ba32ee0": {
        "id": "21016131",
        "canonical_url": "https://www.documentcloud.org/documents/21016131-freedom-project-fas-cpcs-consultant-questionnaire/",
        "pdf_url": "https://s3.documentcloud.org/documents/21016131/freedom-project-fas-cpcs-consultant-questionnaire.pdf",
        "pages": null
    },
    "42867edf": {
        "id": "23778400",
        "canonical_url": "https://www.documentcloud.org/documents/23778400-greggcountydetentioncenterlongviewtx1114162007/",
        "pdf_url": "https://s3.documentcloud.org/documents/23778400/greggcountydetentioncenterlongviewtx1114162007.pdf",
        "pages": null
    },
    "40907a81": {
        "id": "23779332",
        "canonical_url": "https://www.documentcloud.org/documents/23779332-laredoprocessingcenterlaredotxsep25272007/",
        "pdf_url": "https://s3.documentcloud.org/documents/23779332/laredoprocessingcenterlaredotxsep25272007.pdf",
        "pages": null
    },
    "615a8275": {
        "id": "2851717",
        "canonical_url": "https://www.documentcloud.org/documents/2851717-Silver-Springs-SSN-SCL-Vendor-Questionnaire-doc/",
        "pdf_url": "https://s3.documentcloud.org/documents/2851717/Silver-Springs-SSN-SCL-Vendor-Questionnaire-doc.pdf",
        "pages": null
    },
    "1a7da1ec": {
        "id": "1008854",
        "canonical_url": "https://www.documentcloud.org/documents/1008854-storbeck_pimental_psis-jan-21-2013/",
        "pdf_url": "https://s3.documentcloud.org/documents/1008854/storbeck_pimental_psis-jan-21-2013.pdf",
        "pages": null
    },
    "50462820": {
        "id": "6550783",
        "canonical_url": "https://www.documentcloud.org/documents/6550783-Verdict-Form/",
        "pdf_url": "https://s3.documentcloud.org/documents/6550783/Verdict-Form.pdf",
        "pages": null
    },
    "9e5446f7": {
        "id": 21078308,
        "canonical_url": "https://www.documentcloud.org/documents/21078308-april_2016_redactedpdf/",
        "pdf_url": "https://s3.documentcloud.org/documents/21078308/april_2016_redactedpdf.pdf",
        "pages": [
            1,
            2
        ]
    },
    "829dfec0": {
        "id": 21078308,
        "canonical_url": "https://www.documentcloud.org/documents/21078308-april_2016_redactedpdf/",
        "pdf_url": "https://s3.documentcloud.org/documents/21078308/april_2016_redactedpdf.pdf",
        "pages": [
            3,
            4
        ]
    },
    "fcdbb48e": {
        "id": 21078308,
        "canonical_url": "https://www.documentcloud.org/documents/21078308-april_2016_redactedpdf/",
        "pdf_url": "https://s3.documentcloud.org/documents/21078308/april_2016_redactedpdf.pdf",
        "pages": [
            5,
            6
        ]
    },
    "e040c5d7": {
        "id": 21078308,
        "canonical_url": "https://www.documentcloud.org/documents/21078308-april_2016_redactedpdf/",
        "pdf_url": "https://s3.documentcloud.org/documents/21078308/april_2016_redactedpdf.pdf",
        "pages": [
            7,
            8
        ]
    },
    "c046e2db": {
        "id": 21078308,
        "canonical_url": "https://www.documentcloud.org/documents/21078308-april_2016_redactedpdf/",
        "pdf_url": "https://s3.documentcloud.org/documents/21078308/april_2016_redactedpdf.pdf",
        "pages": [
            9,
            10
        ]
    },
    "db9a445c": {
        "id": 21078301,
        "canonical_url": "https://www.documentcloud.org/documents/21078301-august_2017_redactedpdf/",
        "pdf_url": "https://s3.documentcloud.org/documents/21078301/august_2017_redactedpdf.pdf",
        "pages": [
            1,
            2
        ]
    },
    "75eadd8c": {
        "id": 21078301,
        "canonical_url": "https://www.documentcloud.org/documents/21078301-august_2017_redactedpdf/",
        "pdf_url": "https://s3.documentcloud.org/documents/21078301/august_2017_redactedpdf.pdf",
        "pages": [
            3,
            4
        ]
    },
    "5ed3947b": {
        "id": 21078301,
        "canonical_url": "https://www.documentcloud.org/documents/21078301-august_2017_redactedpdf/",
        "pdf_url": "https://s3.documentcloud.org/documents/21078301/august_2017_redactedpdf.pdf",
        "pages": [
            5,
            6
        ]
    },
    "fe06f185": {
        "id": 21078301,
        "canonical_url": "https://www.documentcloud.org/documents/21078301-august_2017_redactedpdf/",
        "pdf_url": "https://s3.documentcloud.org/documents/21078301/august_2017_redactedpdf.pdf",
        "pages": [
            7,
            8
        ]
    },
    "d27f1703": {
        "id": 21078301,
        "canonical_url": "https://www.documentcloud.org/documents/21078301-august_2017_redactedpdf/",
        "pdf_url": "https://s3.documentcloud.org/documents/21078301/august_2017_redactedpdf.pdf",
        "pages": [
            9,
            10
        ]
    },
    "2830a39a": {
        "id": 24816487,
        "canonical_url": "https://www.documentcloud.org/documents/24816487-2023_0921_file_1_active_ees_pay_change_forms_batch_1_fr_march_2017_to_march_2022pdf/",
        "pdf_url": "https://s3.documentcloud.org/documents/24816487/2023_0921_file_1_active_ees_pay_change_forms_batch_1_fr_march_2017_to_march_2022pdf.pdf",
        "pages": [
            1
        ]
    },
    "dd078df3": {
        "id": 24816487,
        "canonical_url": "https://www.documentcloud.org/documents/24816487-2023_0921_file_1_active_ees_pay_change_forms_batch_1_fr_march_2017_to_march_2022pdf/",
        "pdf_url": "https://s3.documentcloud.org/documents/24816487/2023_0921_file_1_active_ees_pay_change_forms_batch_1_fr_march_2017_to_march_2022pdf.pdf",
        "pages": [
            31
        ]
    },
    "a10f421b": {
        "id": 24816487,
        "canonical_url": "https://www.documentcloud.org/documents/24816487-2023_0921_file_1_active_ees_pay_change_forms_batch_1_fr_march_2017_to_march_2022pdf/",
        "pdf_url": "https://s3.documentcloud.org/documents/24816487/2023_0921_file_1_active_ees_pay_change_forms_batch_1_fr_march_2017_to_march_2022pdf.pdf",
        "pages": [
            40
        ]
    },
    "49320756": {
        "id": 24816487,
        "canonical_url": "https://www.documentcloud.org/documents/24816487-2023_0921_file_1_active_ees_pay_change_forms_batch_1_fr_march_2017_to_march_2022pdf/",
        "pdf_url": "https://s3.documentcloud.org/documents/24816487/2023_0921_file_1_active_ees_pay_change_forms_batch_1_fr_march_2017_to_march_2022pdf.pdf",
        "pages": [
            67
        ]
    },
    "e3270a4c": {
        "id": 24816487,
        "canonical_url": "https://www.documentcloud.org/documents/24816487-2023_0921_file_1_active_ees_pay_change_forms_batch_1_fr_march_2017_to_march_2022pdf/",
        "pdf_url": "https://s3.documentcloud.org/documents/24816487/2023_0921_file_1_active_ees_pay_change_forms_batch_1_fr_march_2017_to_march_2022pdf.pdf",
        "pages": [
            82
        ]
    },
    "f5173fd6": {
        "id": 683008,
        "canonical_url": "https://www.documentcloud.org/documents/683008-nancy-lanzas-gun-purchase-records/",
        "pdf_url": "https://s3.documentcloud.org/documents/683008/nancy-lanzas-gun-purchase-records.pdf",
        "pages": [
            1,
            2,
            3,
            4
        ]
    },
    "3cf71af3": {
        "id": 683008,
        "canonical_url": "https://www.documentcloud.org/documents/683008-nancy-lanzas-gun-purchase-records/",
        "pdf_url": "https://s3.documentcloud.org/documents/683008/nancy-lanzas-gun-purchase-records.pdf",
        "pages": [
            5,
            6,
            7,
            8
        ]
    },
    "3b624fa6": {
        "id": 4951635,
        "canonical_url": "https://www.documentcloud.org/documents/4951635-WBEZ-Questionnaires-Jackson-McCann-Pritzker/",
        "pdf_url": "https://s3.documentcloud.org/documents/4951635/WBEZ-Questionnaires-Jackson-McCann-Pritzker.pdf",
        "pages": [
            1,
            2,
            3
        ]
    },
    "fa32ed20": {
        "id": 4951635,
        "canonical_url": "https://www.documentcloud.org/documents/4951635-WBEZ-Questionnaires-Jackson-McCann-Pritzker/",
        "pdf_url": "https://s3.documentcloud.org/documents/4951635/WBEZ-Questionnaires-Jackson-McCann-Pritzker.pdf",
        "pages": [
            4,
            5,
            6,
            7
        ]
    }
}